Address,Description,Price,Host Rating
Room in Behren-L√ºbchin,Shepherd room manor house Viecheln Anno 1869,$62 per night,"4.92 out of 5 average rating, 139 reviews"
Room in Schleusingen,Casa Cabrera,$42 per night,"4.98 out of 5 average rating, 189 reviews"
Room in Bad Herrenalb,Room 6 guest rooms in the North Black Forest,$24 per night,"4.87 out of 5 average rating, 192 reviews"
Room in Tecklenburg,V√∂llinck am Habichtswald,$38 per night,"4.99 out of 5 average rating, 240 reviews"
Room in Langenhorn,Idyll + Breakfast anywhere in NFlands,$52 per night,"4.98 out of 5 average rating, 261 reviews"
Room in Oberkirch,HappyFarm - sleeping in nature,$53 per night,"4.93 out of 5 average rating, 172 reviews"
Room in Berlin,Berlin-Grunewald feel-good room,"$35 per night, originally $46","4.96 out of 5 average rating, 165 reviews"
Room in Dielmissen,"Dielmissen, the Perle am Ith #biker-welcomeüèç",$30 per night,"4.93 out of 5 average rating, 375 reviews"
Room in Maring-Noviand,"Gehaichnishof 7born ""Sometimes""",$36 per night,"4.94 out of 5 average rating, 18 reviews"
Room in R√ºthen,Private room in the heart of nature,$41 per night,"4.94 out of 5 average rating, 133 reviews"
Room in Stemwede,Tinyhaus Spatzen-Nest,$54 per night,"4.99 out of 5 average rating, 84 reviews"
Room in Schkeuditz,Cozy beamed room incl. your own bathroom,$29 per night,"4.92 out of 5 average rating, 323 reviews"
Room in Wermelskirchen,Spacious attic room with bathroom & toilet,$28 per night,"4.99 out of 5 average rating, 139 reviews"
Room in Berlin,Privatzimmer am Tempelhofer Feld,$35 per night,"5.0 out of 5 average rating, 23 reviews"
Room in Nieb√ºll,De L√ºtte Herberge,$36 per night,"4.99 out of 5 average rating, 170 reviews"
Room in Hamburg,Between the water tower and Uniklink Eppendorf,$42 per night,"4.98 out of 5 average rating, 191 reviews"
Room in Hamburg,üî•‚öìüèÖ Cozy - Central - Modern - By the Canal,"$65 per night, originally $72","4.94 out of 5 average rating, 263 reviews"
Room in Edelsfeld,One bedroom apartment,$29 per night,"4.87 out of 5 average rating, 15 reviews"
Room in Hamburg,üî•‚öìüèÖ Cozy - Central - Modern - By the Canal,"$65 per night, originally $72","4.94 out of 5 average rating, 263 reviews"
Room in Ganderkesee,1 living space in the countryside for 2,$33 per night,"4.94 out of 5 average rating, 156 reviews"
Room in Edelsfeld,One bedroom apartment,$29 per night,"4.87 out of 5 average rating, 15 reviews"
Room in Behren-L√ºbchin,Herrenhaus Viecheln Anno 1869 Secretary Room,$47 per night,"4.93 out of 5 average rating, 54 reviews"
Room in Hamburg,Cozy living in the city,$71 per night,"4.97 out of 5 average rating, 508 reviews"
Room in Iffeldorf,Modern bright room with private bathroom & entrance,$70 per night,"4.91 out of 5 average rating, 642 reviews"
Room in Schwerin,Room with a view ( and loft bed ),$42 per night,"4.92 out of 5 average rating, 545 reviews"
Room in Hamburg,Quiet location in a green district of Hamburg,$49 per night,"4.96 out of 5 average rating, 589 reviews"
Room in L√ºbeck,Change of scenery in the World Heritage Site,$46 per night,"4.94 out of 5 average rating, 331 reviews"
Room in Friedland,"Room ""Hofblick""",$39 per night,"4.93 out of 5 average rating, 108 reviews"
Room in Piding,Pidingerau close to nature and city,$39 per night,"4.95 out of 5 average rating, 64 reviews"
Room in Martensrade,A small guest bedroom,Superhost,"4.67 out of 5 average rating, 3 reviews"
Room in Bad Frankenhausen/Kyffh√§user,Room with kitchenette overlooking the leaning tower,$33 per night,"4.95 out of 5 average rating, 99 reviews"
Room in Berlin,Rooms in the countryside with separate bathroom,$46 per night,"4.96 out of 5 average rating, 268 reviews"
Room in Dinslaken,Private room in the center of Dinslaken,$23 per night,"4.94 out of 5 average rating, 245 reviews"
Room in √úxheim,"The fox building, hiker, and traveler home",$31 per night,"4.98 out of 5 average rating, 84 reviews"
Room in Hannover,Cozy room in the center,$36 per night,"4.95 out of 5 average rating, 65 reviews"
Room in Berlin,Cozy room in Berlin K√∂penick,$40 per night,"4.91 out of 5 average rating, 195 reviews"
Room in Weimar,Cute little room for you,$33 per night,"4.86 out of 5 average rating, 295 reviews"
Room in Bautzen,Pilgrims Room,$26 per night,"4.9 out of 5 average rating, 123 reviews"
Room in Berlin,Berlin room with double bed in single-family house,Superhost,"4.82 out of 5 average rating, 709 reviews"
Room in Hannover,Cozy room in the center,$36 per night,"4.95 out of 5 average rating, 65 reviews"
Room in Lehrte,cosy country side room 20 min to main station,$41 per night,"4.98 out of 5 average rating, 272 reviews"
Room in Iffeldorf,Modern bright room with private bathroom & entrance,$70 per night,"4.91 out of 5 average rating, 642 reviews"
Room in Hamburg,Between the water tower and Uniklink Eppendorf,$42 per night,"4.98 out of 5 average rating, 191 reviews"
Room in M√∂ckm√ºhl,"Bright, nice room with bathroom",$33 per night,"4.93 out of 5 average rating, 88 reviews"
Room in Gotha,Room in spacy vintage flat in Gotha's city center,$37 per night,"4.96 out of 5 average rating, 286 reviews"
Room in Cologne,"51149 K√∂ln-Porz/Westhoven, nahe DHfPG/ BSA",$42 per night,"4.96 out of 5 average rating, 162 reviews"
Room in G√ºtersloh,"Wonderful room in quiet surroundings, close to the city.",$50 per night,"5.0 out of 5 average rating, 19 reviews"
Room in Hamburg,üî•‚öìüèÖ Cozy - Central - Modern - By the Canal,"$65 per night, originally $72","4.94 out of 5 average rating, 263 reviews"
Room in Kronshagen,Guest rooms in Kronshagen ‚Äî Holidays like in the farm,$30 per night,"4.94 out of 5 average rating, 250 reviews"
Room in Murnau,G√ºnes Zimmer Grand Chalet Murnau 1-2 people,"$35 per night, originally $40","4.71 out of 5 average rating, 357 reviews"
Room in Bad Herrenalb,Room 7 single rooms in Northern Black Forest,$24 per night,"4.91 out of 5 average rating, 109 reviews"
Room in Teisendorf,Balcony room with Salzburg view,$39 per night,"4.85 out of 5 average rating, 203 reviews"
Room in Forchheim,Furnished room in an old half-timbered house,$42 per night,"4.98 out of 5 average rating, 45 reviews"
Room in Edingen-Neckarhausen,"Accommodation in a hostel style, room 5",$32 per night,"4.92 out of 5 average rating, 475 reviews"
Room in Edingen-Neckarhausen,"Accommodation in a hostel style, room 5",$32 per night,"4.92 out of 5 average rating, 475 reviews"
Room in Duisburg,Cozy room at Landschaftspark Duisburg,$36 per night,"4.93 out of 5 average rating, 270 reviews"
Room in Buchholz in der Nordheide,Tiny-Room 30min von HH im Wald,"$37 per night, originally $42","4.89 out of 5 average rating, 47 reviews"
Room in Wunstorf,"Wooden house, peace, nature",$33 per night,"4.99 out of 5 average rating, 112 reviews"
Room in Neustrelitz,Sunny room with roof terrace and near the lake,$42 per night,"4.95 out of 5 average rating, 98 reviews"
Room in Hamburg,Good location-ideal for short trip,$44 per night,"4.94 out of 5 average rating, 112 reviews"
Room in Horst,'Tiny Room' Small WG Room / Monteurzimmer,$31 per night,"4.97 out of 5 average rating, 69 reviews"
Room in Burgdorf,Quiet location with good transport connections,$32 per night,"4.91 out of 5 average rating, 98 reviews"
Room in Marktschellenberg,Kraftquelle Untersberg / single bedroom,$60 per night,"5.0 out of 5 average rating, 33 reviews"
Room in Renningen,Peace Avenue,$27 per night,"4.97 out of 5 average rating, 37 reviews"
Room in Schashagen,Large and quiet room on the Baltic Sea,"$35 per night, originally $42","4.88 out of 5 average rating, 25 reviews"
Room in Oberkirch,HappyFarm - sleeping in nature,$53 per night,"4.93 out of 5 average rating, 172 reviews"
Room in Dresden,Tree House Dresden Baumhaus,"$53 per night, originally $89","4.92 out of 5 average rating, 59 reviews"
Room in Koblenz,In the central city on old cottage,Bookkeeper,"4.9 out of 5 average rating, 1094 reviews"
Room in Kallm√ºnz,To the Jurasteigerl,$40 per night,"5.0 out of 5 average rating, 7 reviews"
Room in B√ºren,"Guest room in the countryside, B&B",$24 per night,"4.93 out of 5 average rating, 112 reviews"
Room in Berlin,"In the middle of Berlin, just 3 mins to Alex!",Superhost,"4.78 out of 5 average rating, 582 reviews"
Room in M√ºnster,Your Home away from Home,$64 per night,"4.98 out of 5 average rating, 144 reviews"
Room in Hamburg,Room with grass breakfast in cozy Schwedenhaus,$61 per night,"4.94 out of 5 average rating, 268 reviews"
Room in Ribnitz-Damgarten,My guest room - great for Baltic Sea explorers with bike,$28 per night,"4.85 out of 5 average rating, 71 reviews"
Room in Koblenz,Your room @ central station | solo travelers,$28 per night,"4.91 out of 5 average rating, 35 reviews"
Room in Osnabr√ºck,Single room 2 at the citizen park,$30 per night,"4.84 out of 5 average rating, 95 reviews"
Room in K√ºhren,Room in a rural location and quiet environment,$36 per night,"4.93 out of 5 average rating, 87 reviews"
Room in Hamburg,Cosy private room in the centre of Hamburg,Superhost,"4.86 out of 5 average rating, 305 reviews"
Room in Tholey,B&B *Wandergl√ºck* at the foot of Schaumberg,$31 per night,"4.93 out of 5 average rating, 149 reviews"
Room in Nuremberg,"Private room near city, nature, convention center",$38 per night,"4.92 out of 5 average rating, 386 reviews"
Room in Martensrade,A small guest bedroom,Superhost,"4.67 out of 5 average rating, 3 reviews"
Room in Berlin,Room with books,$52 per night,"4.95 out of 5 average rating, 186 reviews"
Room in K√∂nigsfeld im Schwarzwald,Room with private bathroom,$38 per night,"4.92 out of 5 average rating, 269 reviews"
Room in Bremen,"Friendly place, close to public transport!",$33 per night,"4.91 out of 5 average rating, 183 reviews"
Room in Gotha,im Templehouse,$36 per night,"4.94 out of 5 average rating, 199 reviews"
Room in Berlin,Holiday room on the M√ºggelwald & Spree,$50 per night,"4.99 out of 5 average rating, 89 reviews"
Room in Mutterstadt,Room with private bathroom in Mutterstadt,$42 per night,"4.97 out of 5 average rating, 32 reviews"
Room in Ganderkesee,2 living space in the countryside,$33 per night,"4.92 out of 5 average rating, 142 reviews"
Room in Dessau-Ro√ülau,comfortable room,$34 per night,"4.96 out of 5 average rating, 243 reviews"
Room in Berkatal,Relax in the beautiful forest house in Frankenhain,$36 per night,"5.0 out of 5 average rating, 6 reviews"
Room in Bremen,"Friendly place, close to public transport!",$33 per night,"4.91 out of 5 average rating, 183 reviews"
Room in K√∂nigsfeld im Schwarzwald,Room with private bathroom,$38 per night,"4.92 out of 5 average rating, 269 reviews"
Room in Gotha,im Templehouse,$36 per night,"4.94 out of 5 average rating, 199 reviews"
Room in Bremen,"Bright room in a central location, Findorff",Superhost,"4.71 out of 5 average rating, 366 reviews"
Room in Ganderkesee,2 living space in the countryside,$33 per night,"4.92 out of 5 average rating, 142 reviews"
Room in Berkatal,Relax in the beautiful forest house in Frankenhain,$36 per night,"5.0 out of 5 average rating, 6 reviews"
Room in Mutterstadt,Room with private bathroom in Mutterstadt,$42 per night,"4.97 out of 5 average rating, 32 reviews"
Room in Dessau-Ro√ülau,comfortable room,$34 per night,"4.96 out of 5 average rating, 243 reviews"
Room in Aschheim,Room with bathroom and dining area use - near fair,$37 per night,"4.96 out of 5 average rating, 179 reviews"
Room in Pressath,Bright and cozy room as a guest,$30 per night,"4.91 out of 5 average rating, 116 reviews"
Room in Berlin,Guestroom in a Berlin Families House,$43 per night,"4.87 out of 5 average rating, 111 reviews"
Room in M√ºhlenbecker Land,A quiet basement room in Schildow,Superhost,"4.74 out of 5 average rating, 69 reviews"
Room in Erlangen,Room in Erlangen Allee am R√∂thelheimpark,$46 per night,"4.95 out of 5 average rating, 392 reviews"
Room in Berlin,House with open minded people.,$33 per night,"4.9 out of 5 average rating, 10 reviews"
Room in Frankfurt,Easy Travel To Frankfurt,Superhost,"4.82 out of 5 average rating, 963 reviews"
Room in Bergisch Gladbach,Large room near the castle,$49 per night,"4.93 out of 5 average rating, 71 reviews"
Room in Gorlosen,Off to the countryside! Romantic beautiful!,$53 per night,"5.0 out of 5 average rating, 4 reviews"
Room in Seeg,Guest room on beautiful farm in Allg√§u 1,$51 per night,"4.97 out of 5 average rating, 72 reviews"
Room in Seeg,Guest room on beautiful farm in Allg√§u 1,$51 per night,"4.97 out of 5 average rating, 72 reviews"
Room in Gorlosen,Off to the countryside! Romantic beautiful!,$53 per night,"5.0 out of 5 average rating, 4 reviews"
Room in Trechtingshausen,Beautiful guest room for rent from private.,$53 per night,"4.92 out of 5 average rating, 220 reviews"
Room in Wei√üensberg,Cosy guest room with garden,$53 per night,"4.92 out of 5 average rating, 618 reviews"
Room in Dortmund,Appartment in the heart of Dortmund,$34 per night,"4.87 out of 5 average rating, 522 reviews"
Room in M√ºnster,Small but very cozy room with balcony,$49 per night,"4.98 out of 5 average rating, 152 reviews"
Room in Pansdorf,The bunk in the bike house,$25 per night,"4.94 out of 5 average rating, 102 reviews"
Room in Erfurt,"15 square meters near Hbh., windows into the garden, go out",$42 per night,"4.92 out of 5 average rating, 39 reviews"
Room in Schliersee,Landhaus an der Schlierach,$59 per night,"5.0 out of 5 average rating, 21 reviews"
Room in Leverkusen,"Perfect base, central, yet quiet",$38 per night,"4.91 out of 5 average rating, 162 reviews"
Room in Leipzig,Room with en-suite bathroom,$51 per night,"4.99 out of 5 average rating, 77 reviews"
Room in T√ºbingen,"sunny, quiet room, close to the city centre",$39 per night,"4.94 out of 5 average rating, 157 reviews"
Room in Offenburg,One large room with double bed and comfort bathroom,$35 per night,"4.93 out of 5 average rating, 474 reviews"
Room in Quickborn,A small family room,$36 per night,"4.85 out of 5 average rating, 53 reviews"
Room in Essen,Room in a cozy attic apartment,$54 per night,"4.91 out of 5 average rating, 68 reviews"
Room in Wittmund,CHEAP! QUIET! JUST FW near the North Seaü§óü•∞,$30 per night,"4.85 out of 5 average rating, 252 reviews"
Room in Trittau,The clarity,$50 per night,"4.86 out of 5 average rating, 111 reviews"
Room in Oranienburg,Cozy room in Lehnitz/Oranienburg,$32 per night,"4.95 out of 5 average rating, 155 reviews"
Room in Neustrelitz,Furnished room in Neustrelitz,$24 per night,"4.96 out of 5 average rating, 224 reviews"
Room in Hamburg,Vacationing in the cozy Blankenese staircase district,$60 per night,"4.96 out of 5 average rating, 94 reviews"
Room in Hameln,Bedroom with bathroom + kitchen in sole use,$42 per night,"4.91 out of 5 average rating, 47 reviews"
Room in Oberhausen,Room at EFH in K√∂nigshardt,$41 per night,"4.88 out of 5 average rating, 405 reviews"
Room in Pohlheim,Bright balcony room 5km from Gie√üen,$38 per night,"4.87 out of 5 average rating, 494 reviews"
Room in Aschaffenburg,"Central location, but quiet and cosy","$33 per night, originally $41","4.97 out of 5 average rating, 144 reviews"
Room in Berlin,Charming room in Berlin-Charlottenb,$76 per night,"4.98 out of 5 average rating, 121 reviews"
Room in Hamburg,Hamburg old building stylish and smart,$51 per night,"4.95 out of 5 average rating, 103 reviews"
Room in Rehau,small guest room in Villa Maroni,$22 per night,"5.0 out of 5 average rating, 21 reviews"
Room in Neuruppin,"Comfortable and modern ""Fontane""room",$35 per night,"4.92 out of 5 average rating, 146 reviews"
Room in Kaufbeuren,Perfect location - Rooms in an Artist's Apartment,$36 per night,"4.89 out of 5 average rating, 354 reviews"
Room in Flensburg,Single Room and a nice garden,$36 per night,"4.95 out of 5 average rating, 351 reviews"
Room in L√ºbeck,"In the hallway house, my newest room,2",$47 per night,"4.91 out of 5 average rating, 449 reviews"
Room in Malsfeld,Hostel am Lindenring,$36 per night,"4.94 out of 5 average rating, 258 reviews"
Room in Alzenau,Rooms in Alzenau-H√∂rstein,$42 per night,"4.91 out of 5 average rating, 11 reviews"
Room in Berlin,lovely vintage cottage in the countryside,$40 per night,"4.94 out of 5 average rating, 103 reviews"
Room in Berlin,"Cozy room in Neuk√∂lln, Britz S√ºd U-Bahn Station",Superhost,"4.75 out of 5 average rating, 131 reviews"
Room in Stralsund,Oasis on the knee pond + old town/water view,"$51 per night, originally $80","5.0 out of 5 average rating, 18 reviews"
Room in Berlin,lovely vintage cottage in the countryside,$40 per night,"4.94 out of 5 average rating, 103 reviews"
Room in Stralsund,Oasis on the knee pond + old town/water view,"$51 per night, originally $80","5.0 out of 5 average rating, 18 reviews"
Room in Norden,Vacation with friends on the outskirts of the city of Norden,$31 per night,"4.94 out of 5 average rating, 142 reviews"
Room in Kirchheim,"Convenient location in the middle of Germany, Germany.",$24 per night,"4.81 out of 5 average rating, 186 reviews"
Room in Gerolstein,Eifelsteig ‚ô• TV Netflix ‚òÄ Beautiful Garden & Kitchen,Superhost,"4.85 out of 5 average rating, 403 reviews"
Room in Stuttgart,StuttgartOst Zimmer/Uhlandsh√∂he,"$37 per night, originally $42","4.88 out of 5 average rating, 26 reviews"
Room in Hamburg,Room under the roof in a single house with garden,$29 per night,"4.88 out of 5 average rating, 223 reviews"
Room in Berlin,East Side Gallery- Alexanderplatz- by feet,$60 per night,"4.89 out of 5 average rating, 270 reviews"
Room in Erftstadt,"green and bright living 13 minutes close to Cologne, women+couples",$42 per night,"4.9 out of 5 average rating, 82 reviews"
Room in Kandern,"Room with bathroom and balcony, to relax",$36 per night,"4.93 out of 5 average rating, 288 reviews"
Room in K√∂ln,Small bright room in Agnesviertel,$40 per night,"4.95 out of 5 average rating, 379 reviews"
Room in Braunschweig,Room incl. pantry kitchen with private bathroom,$40 per night,"4.94 out of 5 average rating, 64 reviews"
Room in Dresden,Cozy room with bathroom,"$35 per night, originally $47","4.95 out of 5 average rating, 61 reviews"
Room in Hannover,Central room in university quarter,Superhost,"4.83 out of 5 average rating, 584 reviews"
Room in Sch√∂nau am K√∂nigssee,Room ‚Äúlittle bull‚Äù A1,$50 per night,"4.77 out of 5 average rating, 26 reviews"
Room in Kassel,"Room, raised ground floor, quiet area, close to the city",$35 per night,"4.92 out of 5 average rating, 116 reviews"
Room in Stolteb√ºll,Liliput apartment with kitchenette and bathroom.,Superhost,"4.68 out of 5 average rating, 91 reviews"
Room in N√ºrnberg,At the heart of Gostenhof-Zentrum,$30 per night,"4.66 out of 5 average rating, 590 reviews"
Room in Hamburg,"Altbauzimmer, St. Pauli",$61 per night,"4.93 out of 5 average rating, 14 reviews"
Room in Steinhagen,Cozy room under the roof surrounded by nature,$33 per night,"4.96 out of 5 average rating, 94 reviews"
Room in Hamburg,Cozy attic room in the southeast of Hamburg,$45 per night,"4.96 out of 5 average rating, 314 reviews"
Room in Bremen,Private room in the neighborhood!,$29 per night,"4.79 out of 5 average rating, 131 reviews"
Room in Berlin,Cozy room in the South of Berlin,Superhost,"4.75 out of 5 average rating, 436 reviews"
Room in Greven,Idyllic farm in M√ºnsterland,$57 per night,"4.98 out of 5 average rating, 181 reviews"
Room in Oberaudorf,"Room with large bed, separate toilet and washbasin","$35 per night, originally $39","4.97 out of 5 average rating, 70 reviews"
Room in Dortmund,Bed & Breakfast am Ph√∂nixsee Dortmund,$63 per night,"4.92 out of 5 average rating, 131 reviews"
Room in Oy-Mittelberg,Rooms in the house in a beautiful location,$50 per night,"4.86 out of 5 average rating, 428 reviews"
Room in Bremen,Quiet room in the countryside,$37 per night,"4.95 out of 5 average rating, 61 reviews"
Room in Munich,Very small room in Schwabing,$30 per night,"4.82 out of 5 average rating, 299 reviews"
Room in Stuttgart,Simple Room in the Ost (U-Bahn Bergfriedhof),$47 per night,"4.93 out of 5 average rating, 76 reviews"
Room in Bernkastel-Kues,Quiet double room in Bernkastel-Andel,$62 per night,"4.94 out of 5 average rating, 568 reviews"
Room in Hamburg,Waldh√ºtte Treibgut ‚Äì Haus Anna Elbe,Superhost,"4.7 out of 5 average rating, 127 reviews"
Room in Essen,"Messe , University Hospital ...Green Capital Europe 2017",$47 per night,"4.98 out of 5 average rating, 297 reviews"
Room in Weilrod,Burgzimmer,$42 per night,"5.0 out of 5 average rating, 21 reviews"
Room in Behren-L√ºbchin,Herrenhaus Viecheln Anno 1869 maid,$61 per night,"4.9 out of 5 average rating, 70 reviews"
Room in L√ºdinghausen,The good room in 1928,$36 per night,"4.97 out of 5 average rating, 157 reviews"
Room in Felde,House community Zimmer- Zauber and circus wagon,$47 per night,"4.96 out of 5 average rating, 72 reviews"
Room in Hamburg,Waldh√ºtte Treibgut ‚Äì Haus Anna Elbe,Superhost,"4.7 out of 5 average rating, 127 reviews"
Room in Weimar,Art and lodging in the heart of Weimar,$47 per night,"4.86 out of 5 average rating, 480 reviews"
Room in G√∂ttingen,Cozy Nest Close to Campus,$51 per night,"5.0 out of 5 average rating, 21 reviews"
Room in Albisheim (Pfrimm),Guest room in Hofreite from 1846,$47 per night,"4.88 out of 5 average rating, 68 reviews"
Room in Hannover,Peaceful and cozy apartment,$36 per night,"4.87 out of 5 average rating, 181 reviews"
Room in Weiden in der Oberpfalz,Quiet relaxation room also for two,$37 per night,"4.9 out of 5 average rating, 120 reviews"
Room in Lindlar,Cozy room in the countryside,$42 per night,"4.95 out of 5 average rating, 41 reviews"
Room in Kassel,Private room (1-2 persons) with internet,Private room (1-2 persons) with internet,"4.62 out of 5 average rating, 183 reviews"
Room in Sinsheim,Bedroom with en suite,$43 per night,"4.96 out of 5 average rating, 49 reviews"
Room in Augsburg,"Feel-good ATMOSPHERE1 ONLY WOMEN, central and quiet",$43 per night,"4.93 out of 5 average rating, 58 reviews"
Room in Hameln,Holiday room with a rooftop in Hameln,$39 per night,"4.95 out of 5 average rating, 198 reviews"
Room in Hamburg,"Nice room in bright apartment, centrally located",Superhost,"4.78 out of 5 average rating, 333 reviews"
Room in Reinsberg,Room 2 with kitchen nook in Burkersdorf/Mulde,$33 per night,"4.93 out of 5 average rating, 43 reviews"
Room in Wanfried,Holiday room with microwave on a hobby farm,$40 per night,"4.85 out of 5 average rating, 104 reviews"
Room in Celle,"Small, fine guest room",$33 per night,"4.97 out of 5 average rating, 215 reviews"
Room in Hochheim am Main,Gem in the Old Town,$57 per night,"5.0 out of 5 average rating, 27 reviews"
Room in Ottersberg,Room near the art study,$30 per night,"4.91 out of 5 average rating, 68 reviews"
Room in Hameln,Holiday room with a rooftop in Hameln,$39 per night,"4.95 out of 5 average rating, 198 reviews"
Room in Sinsheim,Bedroom with en suite,$43 per night,"4.96 out of 5 average rating, 49 reviews"
Room in Wanfried,Holiday room with microwave on a hobby farm,$40 per night,"4.85 out of 5 average rating, 104 reviews"
Room in Berlin,Overnight stay in the green south,Superhost,"4.81 out of 5 average rating, 37 reviews"
Room in Berlin,Quiet room in shared apartment (close to Berghain),"$50 per night, originally $60","4.9 out of 5 average rating, 30 reviews"
Room in Ottersberg,Room near the art study,$30 per night,"4.91 out of 5 average rating, 68 reviews"
Room in Hochheim am Main,Gem in the Old Town,$57 per night,"5.0 out of 5 average rating, 27 reviews"
Room in Celle,"Small, fine guest room",$33 per night,"4.97 out of 5 average rating, 215 reviews"
Room in Oberhausen,Zimmer Quito,$37 per night,"4.98 out of 5 average rating, 40 reviews"
Room in Prien am Chiemsee,Funny Seaman's Home,$42 per night,"4.9 out of 5 average rating, 293 reviews"
Room in Aachen,Modern and cozy little room.,$58 per night,"4.97 out of 5 average rating, 170 reviews"
Room in Penzberg,Cozy room in a lovely location,$55 per night,"4.91 out of 5 average rating, 283 reviews"
Room in Leipzig,Charming room in old building apartment,$35 per night,"4.87 out of 5 average rating, 157 reviews"
Room in Bonn,Quiet room in the best location.,$52 per night,"4.81 out of 5 average rating, 54 reviews"
Room in Berlin,Green Room,$52 per night,"4.92 out of 5 average rating, 65 reviews"
Room in Carmzow-Wallmow,homely retreat for your Uckermark short trip,$41 per night,"4.96 out of 5 average rating, 91 reviews"
Room in Neu Wulmstorf,Special kind of accommodation - on the outskirts of Hamburg,$51 per night,"4.93 out of 5 average rating, 183 reviews"
Room in Pirna,Library with free VVO ticket & sunset view & cats,"$35 per night, originally $46","4.9 out of 5 average rating, 230 reviews"
Room in Berlin,Guest room for short trips or commuters,$38 per night,"4.88 out of 5 average rating, 226 reviews"
Room in Lubeck,"Guestroom in ""Casa Fosythie""",$40 per night,"4.79 out of 5 average rating, 511 reviews"
Room in N√ºrnberg,Cozy room in a quiet location and subway proximity,Property manager,"4.84 out of 5 average rating, 83 reviews"
Room in Bremen,Large beautiful room in the countryside,$42 per night,"4.96 out of 5 average rating, 54 reviews"
Room in Alpen,Cozy room for 1 or 2 persons,Cozy room for 1 or 2 persons,"4.94 out of 5 average rating, 154 reviews"
Room in Erlangen,Beautiful room in Erlangen Allee am R√∂thelheim,$47 per night,"4.92 out of 5 average rating, 445 reviews"
Room in Berlin,"Zimmer in Berlin-Rudow, Sch√∂nefeld, Adlershof",$48 per night,"4.92 out of 5 average rating, 63 reviews"
Room in Weimar,Beautiful guest room in the heart of Weimar,$45 per night,"4.94 out of 5 average rating, 187 reviews"
Room in Witzenhausen,Feel-good place in Nature Reserve Kaufunger Wald,$31 per night,"4.75 out of 5 average rating, 20 reviews"
Room in J√ºlich,Guest room with private bathroom (renovated in 2023),$52 per night,"4.93 out of 5 average rating, 119 reviews"
Room in Laichingen,Heartfelt accommodation (charging station for electric car),$43 per night,"4.93 out of 5 average rating, 467 reviews"
Room in Bergneustadt,Quiet night in the recreation area,$49 per night,"4.94 out of 5 average rating, 169 reviews"
Room in Berlin,Quiet balcony room,$62 per night,"5.0 out of 5 average rating, 38 reviews"
Room in Berlin,Private Room directly at Maybachufer in Kreuzk√∂lln,"$67 per night, originally $82","4.91 out of 5 average rating, 224 reviews"
Room in Grenzach-Wyhlen,Centrally located room near Basel,$42 per night,"4.99 out of 5 average rating, 236 reviews"
Room in G√∂ttingen,Sunny room near the university,$33 per night,"4.94 out of 5 average rating, 204 reviews"
Room in Oberaudorf,Snacky guest room with balcony and Kaiser view,Superhost,"4.79 out of 5 average rating, 108 reviews"
Room in G√∂ttingen,Romantic construction trailer with garden,$34 per night,"5.0 out of 5 average rating, 49 reviews"
Room in Berlin,Airy apartment in Xberg,Superhost,"4.85 out of 5 average rating, 243 reviews"
Room in Neuenkirchen,Helles & charmantes Studio in Neuenkirchen,$39 per night,"4.91 out of 5 average rating, 160 reviews"
Room in Stuttgart,Feuerbach Urban Retreat,$42 per night,"5.0 out of 5 average rating, 13 reviews"
Room in Bergisch Gladbach,Studio with good transport links to Cologne,$53 per night,"4.95 out of 5 average rating, 212 reviews"
Room in Berlin,Minimalist room in Berlin vacations//business trip,Superhost,"4.82 out of 5 average rating, 129 reviews"
Room in Oldenburg,Cozy room near the university,$33 per night,"4.91 out of 5 average rating, 55 reviews"
Room in N√ºrnberg,Large bright old building room,$34 per night,"4.85 out of 5 average rating, 68 reviews"
Room in Fernwald,"small but nice, private room, WiFi, kitchen, 2 bathrooms",$24 per night,"4.43 out of 5 average rating, 58 reviews"
Room in Stuttgart,Large room in a great location,$65 per night,"4.94 out of 5 average rating, 34 reviews"
Room in Wyk auf F√∂hr,One room with bathroom on F√∂hr,$42 per night,"5.0 out of 5 average rating, 12 reviews"
Room in K√∂ln,Guest room near Merheimer-Klinik & Messe Deutz,$44 per night,"4.89 out of 5 average rating, 105 reviews"
Room in Berlin,sunny- bright and big room !,$47 per night,"4.73 out of 5 average rating, 192 reviews"
Room in Seevetal,Home between L√ºneburger Heide - Toren Hamburg,$42 per night,"4.9 out of 5 average rating, 153 reviews"
Room in Rimpar,"1 room, in mini-Wg",Superhost,"4.81 out of 5 average rating, 136 reviews"
Room in Garching bei M√ºnchen,Garden use rooms,$42 per night,"4.9 out of 5 average rating, 42 reviews"
Room in Barendorf,"Barendorf ""Simply cozy for singles""",$22 per night,"4.9 out of 5 average rating, 179 reviews"
Room in N√ºrnberg,Walk from station to market.,"$39 per night, originally $43","4.8 out of 5 average rating, 15 reviews"
Room in Hamburg,Beautiful single room (yellow),$44 per night,"4.85 out of 5 average rating, 212 reviews"
Room in Hamburg,Beautiful single room (yellow),$44 per night,"4.85 out of 5 average rating, 212 reviews"
Room in Berlin,Artsy room in the heart of Prenzlauer Berg,Superhost,"4.8 out of 5 average rating, 165 reviews"
Room in Magdeburg,Nice room with park view on the Elbe bike path,Superhost,"4.81 out of 5 average rating, 203 reviews"
Room in Hannover,"Unique room, private bathroom, Messenah!",$52 per night,"4.98 out of 5 average rating, 63 reviews"
Room in Munich,"nice, quiet room in Munich",$52 per night,"4.95 out of 5 average rating, 200 reviews"
Room in Wiesbaden,1B&B in creative lifestyle,$48 per night,"4.97 out of 5 average rating, 471 reviews"
Room in Berlin,Beau Berlin Central less than 49% of the space,"$40 per night, originally $57","4.84 out of 5 average rating, 184 reviews"
Room in Warendorf,"Cozy, bright room",$33 per night,"5.0 out of 5 average rating, 14 reviews"
Room in Neuenhagen,Quiet room on the outskirts of town,Superhost,"4.92 out of 5 average rating, 77 reviews"
Room in Wunsiedel,Time out for everyone inüòä private or VAT.,$28 per night,"4.97 out of 5 average rating, 147 reviews"
Room in M√ºnster,Chic room in M√ºnster's Kreuzviertel,$64 per night,"5.0 out of 5 average rating, 58 reviews"
Room in N√ºrnberg,"5 min to the airport,fast to the IHK, trade fair & city",$47 per night,"4.85 out of 5 average rating, 259 reviews"
Room in Bargteheide,Guest room on Reiterhof,Superhost,"4.78 out of 5 average rating, 487 reviews"
Room in Berlin,Eastside - Spacious room in the heart of Berlin,"$50 per night, originally $60",None
Room in M√ºcke,Bedroom Ilsdorf Hofblick Zimmer7 (2nd floor),"$18 per night, originally $24","4.81 out of 5 average rating, 21 reviews"
Room in Nottuln,Kiki's Sch√∂ner Wohnen,$63 per night,"5.0 out of 5 average rating, 72 reviews"
Room in √úbersee,Rooms at Irmgard and Volker pottery,$42 per night,"4.94 out of 5 average rating, 159 reviews"
Room in Schw√§bisch Hall,Private room with en suite,$48 per night,"5.0 out of 5 average rating, 131 reviews"
